customer_id,first_name,last_name,email,phone_number
1,Foster,Volleth,fvolleth0@techcrunch.com,529-227-2109
2,Bourke,Landrick,blandrick1@sciencedaily.com,405-126-6006
3,Lou,Kahn,lkahn2@bing.com,119-899-8462
4,Saxon,Champniss,schampniss3@intel.com,664-499-0168
5,Ashla,Tregunnah,atregunnah4@alexa.com,791-149-4906
6,Conrad,Monckman,cmonckman5@senate.gov,323-313-0453
7,Shirley,Facher,sfacher6@themeforest.net,764-881-9779
8,Tadd,Chomicki,tchomicki7@reuters.com,299-109-4346
9,Brittaney,Birch,bbirch8@google.ca,180-959-0569
10,Melody,Feltoe,mfeltoe9@last.fm,672-226-6181
11,Raquel,Allkins,rallkinsa@liveinternet.ru,750-533-3188
12,Morgan,Streetfield,mstreetfieldb@ca.gov,267-954-0875
13,Peder,Byart,pbyartc@soup.io,917-589-1149
14,Broderic,Chidgey,bchidgeyd@jiathis.com,630-785-2265
15,Augusta,Gilleon,agilleone@webeden.co.uk,511-907-0019
16,Curr,Woodsford,cwoodsfordf@prlog.org,874-568-7827
17,Reggie,Suller,rsullerg@netscape.com,499-125-2016
18,Jordon,Stronghill,jstronghillh@tiny.cc,147-973-8800
19,Ilaire,Prichet,ipricheti@last.fm,526-274-4277
20,Shayna,Happert,shappertj@example.com,961-333-1494
21,Rose,Grint,rgrintk@hexun.com,889-749-2439
22,Rosanna,Neachell,rneachelll@wired.com,142-126-8177
23,Garvy,Rozzier,grozzierm@forbes.com,954-164-3936
24,Lon,Levick,llevickn@samsung.com,173-643-2828
25,Leontyne,Strutt,lstrutto@senate.gov,115-516-5785
26,Lyndel,Folomin,lfolominp@comcast.net,209-316-1293
27,Sadye,Letterick,sletterickq@disqus.com,283-201-5180
28,Vitia,Musselwhite,vmusselwhiter@fotki.com,536-315-0197
29,Weider,Challender,wchallenders@salon.com,359-999-2196
30,Cahra,Le Brom,clebromt@ucla.edu,985-684-4693
31,Dov,Dumper,ddumperu@usnews.com,592-403-4435
32,Ruddie,Enefer,reneferv@usda.gov,572-811-8376
33,Lavinia,Spellecy,lspellecyw@nba.com,250-916-4741
34,Filmore,Aistrop,faistropx@unblog.fr,467-952-9272
35,Carlin,Cockcroft,ccockcrofty@sphinn.com,487-164-4980
36,Loren,Bray,lbrayz@nationalgeographic.com,127-919-1441
37,Rustin,Chessell,rchessell10@about.me,279-935-8664
38,Ofilia,Gamlen,ogamlen11@usnews.com,741-963-4372
39,Jefferey,Rumble,jrumble12@devhub.com,117-362-3773
40,Nancie,Manntschke,nmanntschke13@jalbum.net,418-891-3270
41,Berta,Lanchbery,blanchbery14@utexas.edu,571-195-8059
42,Jewelle,Whacket,jwhacket15@ft.com,344-611-9967
43,Betsy,Proschek,bproschek16@amazonaws.com,728-454-0849
44,Barnie,Biggerstaff,bbiggerstaff17@weebly.com,757-676-2148
45,Wallie,Kilfoyle,wkilfoyle18@mysql.com,163-978-0583
46,Melony,Noar,mnoar19@sphinn.com,450-400-0299
47,Kaine,Simion,ksimion1a@example.com,735-533-6731
48,Carolann,Woolner,cwoolner1b@state.tx.us,270-915-8708
49,Bonita,Baulk,bbaulk1c@oracle.com,782-995-4428
50,Ambrose,Robel,arobel1d@quantcast.com,144-391-3956
51,Vanda,Ryce,vryce1e@ifeng.com,356-295-0880
52,Nicolina,Crumbleholme,ncrumbleholme1f@ifeng.com,889-222-9886
53,Riordan,Tooke,rtooke1g@youtu.be,953-232-8967
54,Grant,Umbert,gumbert1h@java.com,385-607-4605
55,Cati,Pitkaithly,cpitkaithly1i@reddit.com,557-455-3334
56,Franny,Descroix,fdescroix1j@wsj.com,833-703-2395
57,Vanni,Swalowe,vswalowe1k@addthis.com,708-174-2836
58,Parsifal,Malser,pmalser1l@hugedomains.com,512-554-4263
59,Aleta,Caig,acaig1m@hibu.com,812-880-0037
60,Richard,Weafer,rweafer1n@liveinternet.ru,291-951-4029
61,Emalee,Harfleet,eharfleet1o@cdc.gov,759-477-2804
62,Tatiania,D'Antonio,tdantonio1p@godaddy.com,979-575-5887
63,Margret,Sherington,msherington1q@tmall.com,293-830-5930
64,Kasper,MacCallam,kmaccallam1r@adobe.com,422-785-8915
65,Zuzana,Chetham,zchetham1s@mlb.com,766-950-0205
66,Doralynn,Ireland,direland1t@ebay.co.uk,529-875-3113
67,Jarret,Stothard,jstothard1u@unc.edu,550-226-3454
68,Minda,Verring,mverring1v@msn.com,934-219-3740
69,Alexandr,Oxenford,aoxenford1w@yahoo.co.jp,839-496-1882
70,Sansone,Girauld,sgirauld1x@baidu.com,812-603-5344
71,Netti,Ugolini,nugolini1y@ocn.ne.jp,187-504-2149
72,Pepe,Larmouth,plarmouth1z@blogtalkradio.com,883-443-8104
73,Berne,Pioli,bpioli20@nationalgeographic.com,849-581-6310
74,Wernher,Somerville,wsomerville21@nature.com,222-977-1787
75,Rand,Rosendorf,rrosendorf22@prlog.org,205-547-9891
76,Noam,Leatt,nleatt23@twitpic.com,545-418-3575
77,Ardelia,Cicconetti,acicconetti24@delicious.com,650-543-9754
78,Arabele,Epsly,aepsly25@nih.gov,674-439-1602
79,Tedda,Matovic,tmatovic26@sbwire.com,858-258-8611
80,Scarlett,Balsom,sbalsom27@seesaa.net,636-961-1750
81,Valentina,Gislebert,vgislebert28@prweb.com,701-571-9673
82,Randolph,Girt,rgirt29@comcast.net,397-715-3456
83,Corly,Thairs,cthairs2a@altervista.org,261-268-7670
84,Cord,Curle,ccurle2b@jugem.jp,220-738-6613
85,Faustina,O'Duane,foduane2c@vk.com,524-355-7755
86,Sanson,Addekin,saddekin2d@boston.com,763-385-7946
87,Jon,Poser,jposer2e@google.com.hk,259-462-6306
88,Fifine,Peaddie,fpeaddie2f@house.gov,955-477-8836
89,Binni,Allett,ballett2g@weather.com,126-312-2543
90,Allyn,Medling,amedling2h@umich.edu,226-675-0762
91,Letitia,Penny,lpenny2i@auda.org.au,617-908-8494
92,Lynne,MacElane,lmacelane2j@hubpages.com,872-369-1365
93,Somerset,Jellybrand,sjellybrand2k@discovery.com,245-646-4311
94,Sybyl,Christophers,schristophers2l@globo.com,143-794-4556
95,Horatio,Frankiss,hfrankiss2m@squarespace.com,398-556-6597
96,Flory,Hardern,fhardern2n@trellian.com,261-349-0407
97,Teresa,Dinsmore,tdinsmore2o@washington.edu,793-913-9349
98,Anni,Lander,alander2p@angelfire.com,137-728-9639
99,Celinda,Sollowaye,csollowaye2q@prlog.org,982-353-3509
100,Alisha,Alexandersen,aalexandersen2r@mac.com,435-114-1777
101,Kennie,Lindblom,klindblom2s@slideshare.net,748-102-9353
102,Josselyn,Zannotti,jzannotti2t@nydailynews.com,968-296-8603
103,Anders,Cicutto,acicutto2u@livejournal.com,799-389-8096
104,Nerissa,Golt,ngolt2v@independent.co.uk,726-790-4831
105,Kathe,Bolt,kbolt2w@goodreads.com,800-534-3838
106,Vinnie,Sinclaire,vsinclaire2x@prweb.com,926-919-1886
107,Fanni,Venners,fvenners2y@time.com,443-415-1120
108,Freemon,Schimpke,fschimpke2z@is.gd,168-825-2379
109,Maryellen,Clemo,mclemo30@360.cn,937-476-9656
110,Cly,Dymock,cdymock31@xing.com,148-713-0092
111,Tine,Gadeaux,tgadeaux32@discuz.net,947-851-5372
112,Bessy,Pickless,bpickless33@google.co.uk,817-104-2700
113,Porter,Pyper,ppyper34@seattletimes.com,925-637-4774
114,Millicent,Vennart,mvennart35@nydailynews.com,394-140-7040
115,Mara,Braemer,mbraemer36@boston.com,277-961-9760
116,Gladys,Brisbane,gbrisbane37@china.com.cn,322-836-0885
117,Nappy,Skeels,nskeels38@blogger.com,667-878-7431
118,Hughie,Chidwick,hchidwick39@gmpg.org,880-252-1036
119,Gail,Lailey,glailey3a@gravatar.com,762-952-8648
120,Kenn,Macy,kmacy3b@ucla.edu,368-874-3255
121,Travers,Prandi,tprandi3c@globo.com,715-832-0562
122,Glyn,Maddison,gmaddison3d@ycombinator.com,291-688-6885
123,Raimondo,Elstob,relstob3e@ask.com,358-863-1371
124,Charmion,Headon,cheadon3f@nhs.uk,414-945-3379
125,Emmit,Jirak,ejirak3g@netlog.com,451-450-1387
126,Fanechka,Ayce,fayce3h@washingtonpost.com,488-575-4121
127,Quintana,Valder,qvalder3i@samsung.com,712-723-4513
128,Rodi,Brunsden,rbrunsden3j@miitbeian.gov.cn,790-663-2555
129,Oliver,Foxon,ofoxon3k@meetup.com,569-186-9852
130,Vlad,Finch,vfinch3l@ucoz.ru,365-689-6828
131,Ofelia,Holehouse,oholehouse3m@webmd.com,928-205-4293
132,Bobette,Crichmere,bcrichmere3n@list-manage.com,244-524-3298
133,Amara,Lukash,alukash3o@bing.com,657-491-8926
134,Alla,Braams,abraams3p@php.net,724-454-7125
135,Martina,Simoni,msimoni3q@bravesites.com,115-390-9937
136,Didi,McRobert,dmcrobert3r@artisteer.com,678-689-3239
137,Deanna,Cowgill,dcowgill3s@sogou.com,827-294-3447
138,Lona,Hayton,lhayton3t@youku.com,833-557-5211
139,Baron,Gillan,bgillan3u@si.edu,693-769-7029
140,Stillman,Valde,svalde3v@usnews.com,695-553-8642
141,Silva,Redemile,sredemile3w@trellian.com,981-765-4295
142,Marin,Banasik,mbanasik3x@livejournal.com,468-669-6344
143,Kassie,Bamfield,kbamfield3y@creativecommons.org,435-617-2753
144,Tadeo,Irving,tirving3z@wordpress.com,476-718-5446
145,Madelena,Inglese,minglese40@meetup.com,428-964-1301
146,Jolynn,Hampe,jhampe41@artisteer.com,869-161-7572
147,Beltran,Oddey,boddey42@github.com,954-105-9804
148,Fitz,Ibanez,fibanez43@home.pl,936-188-4321
149,Joellen,Ganders,jganders44@ucoz.ru,718-357-8069
150,Ingmar,Rushmare,irushmare45@unesco.org,168-118-5673
151,Ariel,Smogur,asmogur46@sohu.com,495-160-7825
152,Maryl,Blackston,mblackston47@networkadvertising.org,311-919-7930
153,Philippa,Burkhill,pburkhill48@eventbrite.com,894-259-1412
154,Ethe,Woolger,ewoolger49@ocn.ne.jp,258-122-7173
155,Sumner,Reeder,sreeder4a@google.es,536-602-9308
156,Morten,Prattington,mprattington4b@sciencedirect.com,746-242-6663
157,Ferdinand,O'Doherty,fodoherty4c@php.net,440-832-6422
158,Willdon,Suddaby,wsuddaby4d@squarespace.com,937-973-8011
159,Jobie,Domleo,jdomleo4e@godaddy.com,381-926-6884
160,Nicola,Sparey,nsparey4f@is.gd,808-997-4880
161,Aland,Glavin,aglavin4g@issuu.com,927-932-1771
162,Hilary,Bote,hbote4h@webnode.com,715-827-3006
163,Moishe,Porrett,mporrett4i@noaa.gov,128-695-1462
164,Rocky,Keddie,rkeddie4j@mac.com,897-817-1492
165,Benito,Osman,bosman4k@51.la,657-405-9680
166,Averil,Dulinty,adulinty4l@example.com,284-500-9860
167,Shaine,Yokel,syokel4m@aboutads.info,767-308-7484
168,Sophi,Bransgrove,sbransgrove4n@techcrunch.com,383-655-5566
169,Chickie,Muslim,cmuslim4o@ucoz.ru,933-437-5237
170,Bride,Kelly,bkelly4p@ovh.net,303-648-6954
171,Cherey,Truder,ctruder4q@ebay.co.uk,809-523-6084
172,Devinne,Buller,dbuller4r@netscape.com,727-295-9568
173,Kathlin,Moisey,kmoisey4s@mit.edu,675-330-9051
174,Fabiano,Bielfeldt,fbielfeldt4t@reuters.com,244-885-0569
175,Livvie,Pitherick,lpitherick4u@answers.com,568-467-4099
176,Kariotta,Casterton,kcasterton4v@mtv.com,202-853-9912
177,Loraine,Colbron,lcolbron4w@china.com.cn,607-464-9255
178,Maxim,Snasel,msnasel4x@istockphoto.com,206-561-1626
179,Petrina,Dyball,pdyball4y@com.com,198-960-9748
180,Domingo,Krook,dkrook4z@people.com.cn,863-652-0803
181,Klarrisa,Kleinholz,kkleinholz50@wordpress.org,892-663-6133
182,Lolita,Magner,lmagner51@cocolog-nifty.com,456-953-0798
183,Kelbee,McKenny,kmckenny52@about.com,389-450-0607
184,See,Shurmer,sshurmer53@addtoany.com,255-188-5921
185,Carolus,Connew,cconnew54@webmd.com,871-537-7160
186,Melody,Woolmore,mwoolmore55@diigo.com,838-281-1353
187,Leif,Beeby,lbeeby56@sciencedirect.com,355-364-7394
188,Ally,Abells,aabells57@alibaba.com,328-885-6872
189,Trula,Pavitt,tpavitt58@ameblo.jp,986-833-2021
190,Boris,Steedman,bsteedman59@howstuffworks.com,298-557-3428
191,Renelle,Beaford,rbeaford5a@artisteer.com,683-276-1744
192,Gery,Liveing,gliveing5b@ebay.co.uk,623-540-1183
193,Benedict,Sandcroft,bsandcroft5c@123-reg.co.uk,747-134-2787
194,Agnese,Zouch,azouch5d@sogou.com,438-998-5173
195,Clarissa,Saywell,csaywell5e@cnet.com,509-975-0377
196,Panchito,Pane,ppane5f@dropbox.com,807-585-4656
197,Bobbie,Raff,braff5g@ftc.gov,305-858-3208
198,Tiphany,Holyard,tholyard5h@dmoz.org,782-633-5227
199,Bevan,Keniwell,bkeniwell5i@wikispaces.com,135-467-6400
200,Costanza,Burnsides,cburnsides5j@live.com,234-589-1994
201,Werner,Rappa,wrappa5k@umn.edu,955-698-5316
202,Rodolphe,Pottie,rpottie5l@qq.com,149-421-8509
203,Cathrin,MacShirie,cmacshirie5m@independent.co.uk,631-156-1523
204,Baily,Longforth,blongforth5n@networksolutions.com,783-364-1824
205,Darnall,Godney,dgodney5o@mozilla.com,187-968-4408
206,Simone,Blant,sblant5p@wunderground.com,551-330-4117
207,Bearnard,Dilley,bdilley5q@php.net,552-955-4807
208,Felice,Kelsell,fkelsell5r@csmonitor.com,968-417-1667
209,Peggy,Click,pclick5s@mac.com,823-550-3285
210,Stephanus,Bechley,sbechley5t@answers.com,697-549-5820
211,Tani,Backshaw,tbackshaw5u@people.com.cn,594-358-4951
212,Cull,Lunge,clunge5v@fc2.com,345-418-9786
213,Babbie,Frenchum,bfrenchum5w@lycos.com,195-441-5340
214,Emma,Lanyon,elanyon5x@geocities.jp,595-751-6965
215,Atlanta,Woodus,awoodus5y@de.vu,786-675-1902
216,Brodie,Neighbour,bneighbour5z@narod.ru,107-667-8739
217,Ruttger,Crystal,rcrystal60@squidoo.com,933-362-6714
218,Sheena,Birtwisle,sbirtwisle61@yandex.ru,636-591-9330
219,Cece,Tremmel,ctremmel62@wired.com,205-572-4565
220,Melessa,Goodson,mgoodson63@addthis.com,278-515-7414
221,Christel,Kadd,ckadd64@va.gov,113-772-9511
222,Ardelis,Brosi,abrosi65@wordpress.org,181-855-3740
223,Sallyann,Roglieri,sroglieri66@hhs.gov,179-704-0892
224,Curtis,Covelle,ccovelle67@woothemes.com,661-417-1040
225,Ewan,Leer,eleer68@va.gov,454-657-0310
226,Giffer,Cissell,gcissell69@hc360.com,792-325-2396
227,Hermina,Myles,hmyles6a@123-reg.co.uk,978-583-9973
228,Monique,Gerhardt,mgerhardt6b@bandcamp.com,470-723-1503
229,Zak,Sedge,zsedge6c@goo.gl,601-384-3182
230,Ronnie,Glencorse,rglencorse6d@senate.gov,769-417-5282
231,Evangelia,Warry,ewarry6e@netscape.com,204-263-8790
232,Lyle,McIllroy,lmcillroy6f@issuu.com,714-479-3155
233,Vivia,Lowen,vlowen6g@spiegel.de,358-907-6274
234,Daryl,Abelwhite,dabelwhite6h@theatlantic.com,868-507-1072
235,Saree,Sillwood,ssillwood6i@elpais.com,135-456-9491
236,Storm,Pascall,spascall6j@odnoklassniki.ru,414-185-0510
237,Dorita,De Andreis,ddeandreis6k@alibaba.com,308-519-1451
238,Iorgo,Gayler,igayler6l@live.com,634-628-7215
239,Torie,Passey,tpassey6m@cornell.edu,177-791-9709
240,Dimitri,Northwood,dnorthwood6n@themeforest.net,171-972-6008
241,Jolee,McGeady,jmcgeady6o@artisteer.com,401-473-7708
242,Horatius,Kesley,hkesley6p@histats.com,590-808-2595
243,Birgitta,Hyland,bhyland6q@delicious.com,304-975-6034
244,Salim,Aliberti,saliberti6r@admin.ch,455-581-3946
245,Chas,Hamil,chamil6s@miitbeian.gov.cn,335-976-3682
246,Elladine,Glasheen,eglasheen6t@surveymonkey.com,628-692-8302
247,Samuele,Dillinton,sdillinton6u@google.es,949-404-7615
248,Nahum,Holgan,nholgan6v@cnet.com,398-663-8371
249,Baldwin,McConachie,bmcconachie6w@livejournal.com,109-556-9084
250,Abbye,Lehr,alehr6x@imgur.com,737-281-0415
251,Arabela,Gookes,agookes6y@hao123.com,290-294-5585
252,Mariejeanne,Haddacks,mhaddacks6z@cisco.com,404-401-9066
253,Lonnie,Saltsberger,lsaltsberger70@soundcloud.com,217-583-4972
254,Luella,Somers,lsomers71@ifeng.com,598-260-8797
255,Ella,Gymlett,egymlett72@rediff.com,266-963-7722
256,Janeva,Jantel,jjantel73@mapquest.com,587-101-7600
257,De witt,Gasquoine,dgasquoine74@usgs.gov,592-279-3032
258,Garald,Rappaport,grappaport75@bloglovin.com,964-989-6102
259,Wilona,Queenborough,wqueenborough76@statcounter.com,844-367-0157
260,Annette,Stanyon,astanyon77@businessinsider.com,939-822-4880
261,Joey,Skeath,jskeath78@vinaora.com,914-540-2882
262,Gregoire,Chataignier,gchataignier79@tmall.com,732-811-0352
263,Mayor,Brigginshaw,mbrigginshaw7a@geocities.com,665-244-7829
264,Robers,Greenham,rgreenham7b@xrea.com,961-524-0919
265,Nedi,Alabaster,nalabaster7c@ustream.tv,401-937-7693
266,Sergei,Golson,sgolson7d@forbes.com,229-885-5226
267,Dino,Aykroyd,daykroyd7e@google.com.au,894-898-0187
268,Sallie,Opie,sopie7f@indiegogo.com,881-474-9735
269,Maressa,Sibson,msibson7g@google.co.uk,407-205-4791
270,Elihu,Carmody,ecarmody7h@ow.ly,270-536-6701
271,Wernher,Dudderidge,wdudderidge7i@icq.com,144-656-6194
272,Thea,Torrisi,ttorrisi7j@slideshare.net,217-973-8258
273,Renato,Strangman,rstrangman7k@tinyurl.com,151-714-1689
274,Tonye,Giraldo,tgiraldo7l@nih.gov,475-918-3512
275,Branden,Kindleside,bkindleside7m@php.net,224-248-6650
276,Mike,Bradnum,mbradnum7n@economist.com,724-528-0373
277,Netta,Shepherdson,nshepherdson7o@exblog.jp,412-145-8749
278,Stan,Witnall,switnall7p@hatena.ne.jp,227-840-6817
279,Percival,Cressy,pcressy7q@princeton.edu,557-439-9548
280,Gabriello,Eaglestone,geaglestone7r@paginegialle.it,311-126-3998
281,Annis,Heasman,aheasman7s@vinaora.com,297-737-2140
282,Horatius,FitzGeorge,hfitzgeorge7t@furl.net,809-252-4014
283,Dyna,Radin,dradin7u@fastcompany.com,804-696-2425
284,Sheilah,Chappel,schappel7v@nyu.edu,751-883-0119
285,Celesta,Lent,clent7w@blogtalkradio.com,174-571-9587
286,Pinchas,Leamon,pleamon7x@about.me,502-167-8642
287,Babbie,Enders,benders7y@bloomberg.com,920-375-9763
288,Nerte,Deerness,ndeerness7z@qq.com,964-919-8013
289,Fredra,Domotor,fdomotor80@qq.com,220-654-1762
290,Marcelia,Topliss,mtopliss81@pagesperso-orange.fr,676-217-3940
291,Yoshi,Brusle,ybrusle82@elegantthemes.com,184-184-0472
292,Brennan,Walles,bwalles83@toplist.cz,967-703-4061
293,Ignacio,Hewins,ihewins84@clickbank.net,514-830-1630
294,Herby,Timeby,htimeby85@arstechnica.com,887-717-0667
295,Jone,Layburn,jlayburn86@cnbc.com,105-474-4828
296,Carmon,Cromarty,ccromarty87@mac.com,318-915-2746
297,Kirsti,Lauthian,klauthian88@msu.edu,183-677-7491
298,Justin,Cape,jcape89@wikipedia.org,451-748-4091
299,Billy,De Antoni,bdeantoni8a@auda.org.au,527-996-7499
300,Jolie,Bulger,jbulger8b@state.tx.us,163-216-5339
301,Dall,Colombier,dcolombier8c@utexas.edu,318-883-1086
302,Benn,O'Ferris,boferris8d@behance.net,958-289-9035
303,Noelyn,Crich,ncrich8e@addthis.com,706-795-8340
304,Kinnie,Pinyon,kpinyon8f@fotki.com,807-422-8516
305,Noella,Boydon,nboydon8g@cisco.com,742-574-4832
306,Violante,Tullett,vtullett8h@nature.com,714-762-3483
307,Josey,Indge,jindge8i@shop-pro.jp,247-904-3914
308,Lacee,Hamill,lhamill8j@cnbc.com,952-382-4207
309,Ayn,Attwill,aattwill8k@constantcontact.com,302-801-5176
310,Bliss,Rosencwaig,brosencwaig8l@devhub.com,564-721-5694
311,Sarajane,Boldison,sboldison8m@scientificamerican.com,267-692-4013
312,Mair,Geroldini,mgeroldini8n@hostgator.com,699-547-7014
313,Allan,Crepel,acrepel8o@list-manage.com,707-663-6228
314,Ede,Bavage,ebavage8p@pen.io,214-242-5753
315,Celestia,Nevill,cnevill8q@dell.com,706-618-0394
316,Nappy,Monteith,nmonteith8r@cnbc.com,549-678-6789
317,Sher,Hummerston,shummerston8s@mediafire.com,946-856-5301
318,Tadd,Abelov,tabelov8t@upenn.edu,605-279-8935
319,Hurleigh,Blow,hblow8u@newsvine.com,573-427-0548
320,Francisca,Shakspeare,fshakspeare8v@naver.com,234-624-1435
321,Dennie,Wallworth,dwallworth8w@kickstarter.com,426-658-2638
322,Ferris,McUre,fmcure8x@hp.com,553-743-5312
323,Darbee,Deackes,ddeackes8y@furl.net,624-395-5216
324,Tracy,Willingale,twillingale8z@nasa.gov,376-504-9009
325,Leisha,Tarborn,ltarborn90@mozilla.org,720-947-5594
326,Bessie,Lightowler,blightowler91@elegantthemes.com,299-783-2665
327,Eadmund,Gilluley,egilluley92@cornell.edu,963-984-7778
328,Vernice,Mabbot,vmabbot93@ask.com,575-883-8732
329,Llewellyn,Westrey,lwestrey94@mtv.com,685-857-0910
330,Thalia,Allpress,tallpress95@ocn.ne.jp,498-162-7390
331,Rod,Robertz,rrobertz96@dell.com,466-396-0809
332,Keefer,Kosiada,kkosiada97@indiatimes.com,132-577-5286
333,Patrick,Chivers,pchivers98@umich.edu,342-496-0215
334,Sal,Pamphilon,spamphilon99@zimbio.com,420-327-3467
335,Ronnica,Babbe,rbabbe9a@state.gov,426-443-5680
336,Carrissa,Clerke,cclerke9b@ucoz.com,128-817-8600
337,Oby,Fargie,ofargie9c@bravesites.com,365-934-2061
338,Marijn,De Winton,mdewinton9d@microsoft.com,114-498-5719
339,Alaine,Jeffcock,ajeffcock9e@cornell.edu,271-726-8875
340,Gilburt,Tindall,gtindall9f@blogger.com,790-894-0035
341,Jud,Wrettum,jwrettum9g@howstuffworks.com,956-994-4763
342,Hebert,Newitt,hnewitt9h@symantec.com,724-777-0033
343,Bobby,Yeoland,byeoland9i@discuz.net,763-723-7095
344,Concettina,Kembery,ckembery9j@squarespace.com,404-717-9000
345,Fritz,Doul,fdoul9k@google.com,854-355-8400
346,Ardath,Hazart,ahazart9l@smh.com.au,485-557-5835
347,Deanna,Pollicatt,dpollicatt9m@ted.com,799-110-9465
348,Fernandina,Medeway,fmedeway9n@ask.com,234-999-0534
349,Emmery,Adne,eadne9o@cyberchimps.com,822-508-6428
350,Elly,Delves,edelves9p@youtu.be,457-345-2882
351,Sully,Penquet,spenquet9q@macromedia.com,631-786-6386
352,Meredith,Leadbitter,mleadbitter9r@dagondesign.com,614-146-3018
353,Libbie,MacSkeagan,lmacskeagan9s@xing.com,523-681-2717
354,Arty,Fellman,afellman9t@gizmodo.com,258-953-0043
355,Claudio,Fabbri,cfabbri9u@latimes.com,574-700-2169
356,Lurline,Wisdom,lwisdom9v@woothemes.com,364-502-0606
357,Anabella,Sherrott,asherrott9w@taobao.com,643-384-3665
358,Eloisa,Kinver,ekinver9x@cdc.gov,204-706-7301
359,Lyle,Greet,lgreet9y@deviantart.com,385-829-1988
360,Sky,Klousner,sklousner9z@yandex.ru,627-420-3690
361,Jakie,Neillans,jneillansa0@gravatar.com,137-646-7103
362,Nevile,Jelliman,njellimana1@nationalgeographic.com,148-875-9437
363,Suellen,Czaja,sczajaa2@nature.com,999-123-9559
364,Cindee,Foucard,cfoucarda3@baidu.com,906-803-8075
365,Kellyann,Tripe,ktripea4@craigslist.org,360-507-7925
366,Joletta,Lowre,jlowrea5@blogger.com,507-965-8078
367,Dredi,Preedy,dpreedya6@cafepress.com,144-105-6858
368,Reina,Fishley,rfishleya7@japanpost.jp,589-499-9760
369,Binny,Gorgl,bgorgla8@sphinn.com,493-789-4601
370,August,Currall,acurralla9@tripod.com,926-692-9873
371,Mischa,Shafto,mshaftoaa@google.de,213-805-9450
372,Cristobal,Nelm,cnelmab@shop-pro.jp,189-202-6213
373,Ivie,De Caroli,idecaroliac@scribd.com,684-100-3500
374,Yank,Skelhorn,yskelhornad@go.com,671-356-6053
375,Hoyt,McCane,hmccaneae@squarespace.com,802-951-0792
376,Melodie,Toyne,mtoyneaf@shareasale.com,974-990-8909
377,Jeffry,Farryan,jfarryanag@ow.ly,608-328-6674
378,Catlaina,Spinella,cspinellaah@stanford.edu,975-805-1968
379,Konstantine,Frichley,kfrichleyai@naver.com,405-484-3416
380,Corinna,Essberger,cessbergeraj@meetup.com,758-280-8553
381,Maurita,Cosins,mcosinsak@accuweather.com,708-364-4428
382,Timmy,Matuschek,tmatuschekal@blogs.com,746-823-4618
383,Maurita,Burgett,mburgettam@mapy.cz,733-946-3197
384,Emelita,McCloy,emccloyan@instagram.com,181-348-9688
385,Johnny,Ewbach,jewbachao@nih.gov,922-218-5030
386,Barnebas,Pepys,bpepysap@cocolog-nifty.com,906-574-3205
387,Bordy,Bolsteridge,bbolsteridgeaq@ning.com,927-581-9478
388,Raimundo,Ondrousek,rondrousekar@amazonaws.com,604-477-8369
389,Zack,McNeely,zmcneelyas@who.int,915-597-5210
390,Baryram,Batting,bbattingat@github.io,631-189-5537
391,Archibaldo,Nutkins,anutkinsau@unesco.org,336-507-8359
392,Hobard,Synan,hsynanav@google.es,466-484-9179
393,Cybil,Harradence,charradenceaw@wisc.edu,314-635-9106
394,Pammie,Edmands,pedmandsax@digg.com,966-344-9654
395,Toinette,Strelitzer,tstrelitzeray@npr.org,502-852-1440
396,Sigfried,Laurentin,slaurentinaz@ebay.com,169-877-2626
397,Eberhard,Rany,eranyb0@tuttocitta.it,140-276-3414
398,Alexi,Brompton,abromptonb1@deviantart.com,964-203-0684
399,Beatrisa,Nuss,bnussb2@opensource.org,571-172-0188
400,Saunderson,Berk,sberkb3@histats.com,601-911-6741
401,Shelia,Englefield,senglefieldb4@psu.edu,132-947-6804
402,Quincy,Gellibrand,qgellibrandb5@comsenz.com,826-737-8794
403,Sigismond,Fenners,sfennersb6@marriott.com,445-323-0363
404,Solly,Revelle,srevelleb7@oakley.com,382-403-2422
405,Mikey,Androsik,mandrosikb8@jigsy.com,314-384-9634
406,Guss,Andor,gandorb9@squarespace.com,539-546-7070
407,Reggie,Barrowcliffe,rbarrowcliffeba@tiny.cc,537-625-8243
408,Federica,Muspratt,fmusprattbb@economist.com,293-674-2552
409,Wainwright,Panton,wpantonbc@ihg.com,727-562-8370
410,Clio,Cassey,ccasseybd@princeton.edu,562-931-7566
411,Madelaine,Jereatt,mjereattbe@hc360.com,880-618-4830
412,Akim,Werendell,awerendellbf@cnbc.com,660-831-8314
413,Auguste,Huxton,ahuxtonbg@businesswire.com,248-713-9499
414,Fay,Tours,ftoursbh@opensource.org,587-863-6682
415,Ethelda,Scoone,escoonebi@adobe.com,832-954-7975
416,Conney,Maliffe,cmaliffebj@list-manage.com,688-893-3209
417,Gran,Fruish,gfruishbk@livejournal.com,129-315-5236
418,Skyler,MacUchadair,smacuchadairbl@imdb.com,763-124-4575
419,Valeda,Grollmann,vgrollmannbm@ca.gov,284-258-0640
420,Renate,Davenell,rdavenellbn@bravesites.com,186-289-7817
421,Patten,Obee,pobeebo@addtoany.com,997-189-0804
422,Kahlil,Ollive,kollivebp@vk.com,616-339-2186
423,Johnny,Abendroth,jabendrothbq@ucsd.edu,719-618-6120
424,Tudor,Pedder,tpedderbr@delicious.com,416-656-2433
425,Candra,Grinnov,cgrinnovbs@meetup.com,488-413-8180
426,Honoria,Tunny,htunnybt@instagram.com,975-581-8621
427,Othella,La Torre,olatorrebu@biglobe.ne.jp,335-792-5732
428,Rhetta,Caghy,rcaghybv@t-online.de,694-703-3488
429,Evelin,Plose,eplosebw@slashdot.org,538-390-0699
430,Hollis,Greystoke,hgreystokebx@bandcamp.com,589-559-9525
431,Aldo,Dabes,adabesby@joomla.org,902-469-9635
432,Stefanie,Blenkharn,sblenkharnbz@imgur.com,913-392-8292
433,Parke,Fittes,pfittesc0@google.co.jp,808-622-8809
434,Lucinda,Harbertson,lharbertsonc1@squidoo.com,714-126-9087
435,Antonin,Godfery,agodferyc2@myspace.com,233-469-2084
436,Mitchael,Boone,mboonec3@telegraph.co.uk,282-995-2052
437,Clerissa,Redmayne,credmaynec4@cdbaby.com,508-517-1565
438,Silvester,Klimkowski,sklimkowskic5@cargocollective.com,587-813-9386
439,Courtney,Boays,cboaysc6@webeden.co.uk,218-294-7125
440,Bondon,Lumsdale,blumsdalec7@arstechnica.com,194-467-0759
441,Alyosha,Camacke,acamackec8@amazon.co.jp,868-197-7824
442,Evangelia,Andrini,eandrinic9@accuweather.com,152-712-2709
443,Vilma,Boxe,vboxeca@godaddy.com,726-319-8488
444,Sean,Dumbar,sdumbarcb@over-blog.com,163-493-9638
445,Shandy,Drysdale,sdrysdalecc@who.int,504-121-1092
446,Wrennie,Errett,werrettcd@uol.com.br,570-771-6523
447,Emmye,Ughini,eughinice@nhs.uk,906-555-5363
448,Hesther,Friberg,hfribergcf@wunderground.com,445-178-7561
449,Verney,McCauley,vmccauleycg@businesswire.com,891-814-2900
450,Vicki,Schellig,vschelligch@ebay.com,390-454-1711
451,Mylo,Macconachy,mmacconachyci@yellowbook.com,198-821-2793
452,Bradly,Ballchin,bballchincj@google.ca,483-947-7359
453,Missy,Garza,mgarzack@nih.gov,151-189-6111
454,Hanna,Sanper,hsanpercl@irs.gov,161-853-4214
455,Taber,Horburgh,thorburghcm@census.gov,702-287-5107
456,Lizette,Pasby,lpasbycn@wikimedia.org,619-447-1927
457,Bernetta,Elwood,belwoodco@wikispaces.com,293-640-8585
458,Kristian,Facer,kfacercp@yellowpages.com,963-735-0401
459,Libbi,Babonau,lbabonaucq@com.com,454-238-5747
460,Trevar,Glide,tglidecr@ifeng.com,479-645-0833
461,Bobbe,Neumann,bneumanncs@imdb.com,910-455-5297
462,Maye,Domnin,mdomninct@list-manage.com,713-862-7840
463,Gunar,Latehouse,glatehousecu@unc.edu,508-126-8573
464,Jourdan,Bernholt,jbernholtcv@yahoo.co.jp,925-535-6555
465,Alexandre,Sapsford,asapsfordcw@ebay.com,329-157-2114
466,Kattie,Kinmond,kkinmondcx@addtoany.com,562-631-5727
467,Bertha,Whittington,bwhittingtoncy@hao123.com,472-859-7812
468,Clementia,Fawcett,cfawcettcz@thetimes.co.uk,623-983-1962
469,Darsey,Semonin,dsemonind0@baidu.com,915-590-6446
470,Mala,McCusker,mmccuskerd1@google.fr,309-443-9945
471,Jerrome,Matic,jmaticd2@ezinearticles.com,104-933-8625
472,Meredithe,Mates,mmatesd3@bravesites.com,532-408-4287
473,Morganne,Bettam,mbettamd4@sakura.ne.jp,310-620-1819
474,Merrily,Ceyssen,mceyssend5@nps.gov,612-711-3652
475,Madelin,Gribble,mgribbled6@washington.edu,910-730-6382
476,Clarence,Shardlow,cshardlowd7@odnoklassniki.ru,121-940-6432
477,Jessalyn,Fishbourne,jfishbourned8@wired.com,953-329-2893
478,Rosy,Muffitt,rmuffittd9@sakura.ne.jp,680-980-9035
479,Thor,Lombard,tlombardda@foxnews.com,403-174-8136
480,Meriel,Springate,mspringatedb@tmall.com,897-198-6032
481,Travus,Margaritelli,tmargaritellidc@salon.com,988-810-2537
482,Giffy,Wilsey,gwilseydd@google.co.uk,277-932-8257
483,Jillian,Hardern,jhardernde@sogou.com,779-778-7284
484,Bari,Bleythin,bbleythindf@devhub.com,430-709-5422
485,Marsiella,Paradine,mparadinedg@51.la,598-909-2082
486,Phil,Grunder,pgrunderdh@fda.gov,360-371-9665
487,Margot,Amaya,mamayadi@redcross.org,822-412-2451
488,Elisabetta,Chaff,echaffdj@icq.com,258-601-4695
489,Orren,Padmore,opadmoredk@boston.com,963-200-9272
490,Petronia,Clavey,pclaveydl@drupal.org,441-857-0537
491,Orrin,Rizzo,orizzodm@ezinearticles.com,414-401-7529
492,Elinor,Lauridsen,elauridsendn@shutterfly.com,139-945-7253
493,Carena,Cregg,ccreggdo@forbes.com,773-745-2284
494,Christen,McKinlay,cmckinlaydp@zdnet.com,675-101-3316
495,Catharine,Jendricke,cjendrickedq@weibo.com,725-168-3633
496,Nahum,Proswell,nproswelldr@fotki.com,876-554-5873
497,Anstice,Sterman,astermands@mysql.com,506-473-8166
498,Brittne,Hammell,bhammelldt@ca.gov,311-822-1844
499,Benjamen,Hussey,bhusseydu@mtv.com,978-713-4198
500,Karine,Freddi,kfreddidv@deliciousdays.com,688-871-4928
501,Florette,Corson,fcorsondw@twitter.com,784-179-6591
502,Falito,Lago,flagodx@state.gov,601-872-1080
503,Sly,Bodiam,sbodiamdy@delicious.com,211-482-6442
504,Tome,Wellstead,twellsteaddz@google.de,936-754-9767
505,Conni,Kemball,ckemballe0@earthlink.net,649-215-2477
506,Bobbie,Avramow,bavramowe1@photobucket.com,883-739-9041
507,Lian,Cuttin,lcuttine2@dell.com,391-274-0084
508,Duffy,Saldler,dsaldlere3@vinaora.com,753-735-2936
509,Anson,Prover,aprovere4@sina.com.cn,795-146-2156
510,Oona,Hebditch,ohebditche5@vistaprint.com,757-656-3063
511,Conny,MacTerlagh,cmacterlaghe6@dell.com,636-901-6747
512,Amandi,Peckitt,apeckitte7@1688.com,681-168-2337
513,Stacy,Stockey,sstockeye8@pen.io,260-939-6841
514,Terrell,Sorby,tsorbye9@hud.gov,915-641-5690
515,Milena,Savins,msavinsea@webeden.co.uk,134-780-8223
516,Jolynn,Lazer,jlazereb@wiley.com,669-714-3755
517,Brietta,Tomei,btomeiec@networksolutions.com,220-816-2150
518,Julietta,Lugard,jlugarded@storify.com,623-328-2803
519,Julius,Worsfield,jworsfieldee@friendfeed.com,468-490-0258
520,Madelyn,Westcarr,mwestcarref@shinystat.com,342-693-0859
521,Yetta,Cockrell,ycockrelleg@t-online.de,516-602-2262
522,Raine,McAlpine,rmcalpineeh@de.vu,893-546-0827
523,Gus,Reyne,greyneei@macromedia.com,870-315-2836
524,Elfrieda,Barracks,ebarracksej@scribd.com,499-432-4967
525,Lucretia,Bagot,lbagotek@indiegogo.com,845-288-2650
526,Salaidh,Rummer,srummerel@alexa.com,383-272-9749
527,Zane,Lathaye,zlathayeem@oakley.com,389-455-1108
528,Guy,Scullard,gscullarden@mit.edu,730-682-7642
529,Brooke,Spargo,bspargoeo@google.com,362-737-6693
530,Inge,Bernardos,ibernardosep@salon.com,724-786-7393
531,Chariot,Bucke,cbuckeeq@ucoz.com,123-155-0174
532,Aile,Leonarde,aleonardeer@upenn.edu,908-388-5308
533,Carolyne,Drillot,cdrillotes@omniture.com,284-274-8232
534,Chan,Dmitrichenko,cdmitrichenkoet@paypal.com,700-231-7597
535,Verina,Vondracek,vvondracekeu@census.gov,144-526-0522
536,Ivie,Fancy,ifancyev@scientificamerican.com,525-596-4563
537,Brandie,Kliemann,bkliemannew@jigsy.com,599-369-8665
538,Bekki,Hein,bheinex@123-reg.co.uk,590-744-1988
539,Nona,Scown,nscowney@slideshare.net,519-161-1331
540,Clemence,Geroldo,cgeroldoez@home.pl,907-817-5014
541,Veronike,Denecamp,vdenecampf0@tumblr.com,560-930-9407
542,Mirelle,Ledstone,mledstonef1@pinterest.com,445-914-3994
543,Elihu,Fincham,efinchamf2@indiegogo.com,944-350-2951
544,Karl,Pinhorn,kpinhornf3@spotify.com,950-464-5339
545,Francklin,Kovacs,fkovacsf4@rakuten.co.jp,594-868-2848
546,Kelsey,Hizir,khizirf5@narod.ru,574-354-6145
547,Marty,Bleazard,mbleazardf6@jugem.jp,802-902-2932
548,Karim,Dober,kdoberf7@cnbc.com,656-109-6125
549,Theodosia,Sommerville,tsommervillef8@chron.com,653-758-4518
550,Linnea,Goodbanne,lgoodbannef9@discuz.net,806-441-1140
551,Bryanty,Giriardelli,bgiriardellifa@myspace.com,364-128-9007
552,Giffard,Rochford,grochfordfb@facebook.com,770-700-9281
553,Karolina,oldey,koldeyfc@phpbb.com,938-300-5767
554,Cristionna,Merryweather,cmerryweatherfd@mlb.com,541-710-6476
555,Jarred,Laxtonne,jlaxtonnefe@netscape.com,305-553-0229
556,Sidoney,Antognelli,santognelliff@smugmug.com,851-939-4945
557,Ottilie,Boston,obostonfg@cdbaby.com,410-146-2035
558,Artemis,Novotne,anovotnefh@homestead.com,277-436-6699
559,Lilas,Heningham,lheninghamfi@furl.net,953-131-3417
560,Jamesy,Ogg,joggfj@cocolog-nifty.com,347-752-8186
561,Sue,Fleckness,sflecknessfk@stanford.edu,137-660-4382
562,Elmo,Le Marchant,elemarchantfl@ask.com,950-446-8810
563,Georgina,Terrett,gterrettfm@naver.com,290-197-2949
564,Estevan,Westnedge,ewestnedgefn@list-manage.com,535-380-0387
565,Urbain,Kippen,ukippenfo@sbwire.com,508-462-6198
566,Winni,Yuryev,wyuryevfp@linkedin.com,788-898-7302
567,Kittie,Hessenthaler,khessenthalerfq@elegantthemes.com,604-930-0335
568,Gonzales,Hubberstey,ghubbersteyfr@altervista.org,110-137-7880
569,Selene,Kimmerling,skimmerlingfs@mozilla.org,715-182-9258
570,Tristan,Bleazard,tbleazardft@twitpic.com,524-110-2586
571,Ricca,Barrett,rbarrettfu@npr.org,409-369-4127
572,Athena,Ratt,arattfv@ustream.tv,161-327-7059
573,Tilly,Reddy,treddyfw@elpais.com,126-425-4910
574,Arlina,Pixton,apixtonfx@eepurl.com,380-530-8480
575,Bendicty,Beddows,bbeddowsfy@mapy.cz,896-433-0994
576,Jemmy,Keller,jkellerfz@twitter.com,373-136-4338
577,Karylin,Litchmore,klitchmoreg0@whitehouse.gov,818-610-4198
578,Edik,Dellatorre,edellatorreg1@sciencedaily.com,189-417-9558
579,Gaylene,Rowbottam,growbottamg2@1und1.de,113-674-0593
580,Pembroke,Scemp,pscempg3@theglobeandmail.com,520-480-6566
581,Barri,Smullin,bsmulling4@toplist.cz,237-933-8852
582,Laughton,Lumly,llumlyg5@smugmug.com,583-442-2339
583,Terence,Niemiec,tniemiecg6@npr.org,211-467-8133
584,Carce,Kubiak,ckubiakg7@dmoz.org,837-462-9134
585,Petronille,Misk,pmiskg8@nba.com,643-503-6272
586,Vic,Beautyman,vbeautymang9@ihg.com,243-602-2246
587,Florencia,Lergan,flerganga@latimes.com,634-278-5293
588,Linell,Overton,lovertongb@live.com,672-507-3386
589,Bronnie,Tills,btillsgc@blog.com,952-665-8858
590,Garvin,Rosenfrucht,grosenfruchtgd@nba.com,185-405-4442
591,Mattie,MacNockater,mmacnockaterge@gmpg.org,317-558-4135
592,Dyann,Wickey,dwickeygf@gravatar.com,805-572-2147
593,Lind,Pethrick,lpethrickgg@auda.org.au,561-262-7884
594,Cherice,Ridoutt,cridouttgh@topsy.com,832-995-9888
595,Starr,Le Sieur,slesieurgi@lulu.com,717-369-4377
596,Gris,Peter,gpetergj@sfgate.com,149-603-8830
597,Gabriel,Rennicks,grennicksgk@zimbio.com,459-913-5827
598,Vance,Puller,vpullergl@upenn.edu,190-988-6595
599,Melba,Cunradi,mcunradigm@japanpost.jp,501-490-6781
600,Liza,Cavy,lcavygn@sakura.ne.jp,359-637-0576
601,Bevon,Tock,btockgo@smh.com.au,268-225-1596
602,Karl,Ryrie,kryriegp@marriott.com,545-683-3158
603,Florentia,Ison,fisongq@vkontakte.ru,127-391-4301
604,Luisa,Berford,lberfordgr@webeden.co.uk,653-864-7012
605,Nikoletta,McCroft,nmccroftgs@bing.com,781-284-2859
606,Don,Gwillyam,dgwillyamgt@artisteer.com,756-283-6024
607,Pip,Joddins,pjoddinsgu@illinois.edu,629-325-0377
608,Linn,Sunner,lsunnergv@google.ca,989-838-0269
609,Dotti,Leppo,dleppogw@twitpic.com,180-917-8905
610,Karia,Swithenby,kswithenbygx@hugedomains.com,173-760-3203
611,Pegeen,Lansberry,plansberrygy@yale.edu,617-991-7276
612,Selena,Bischof,sbischofgz@berkeley.edu,775-966-9654
613,Creigh,McLeese,cmcleeseh0@alexa.com,875-717-0625
614,Lionel,Bortolotti,lbortolottih1@vk.com,561-815-4920
615,Tucky,Hovel,thovelh2@macromedia.com,756-736-7440
616,Chas,Fison,cfisonh3@desdev.cn,439-668-3045
617,Karen,Knightly,kknightlyh4@apache.org,180-717-5120
618,Tudor,Hinder,thinderh5@blogtalkradio.com,876-183-6401
619,Ravi,Ionnidis,rionnidish6@archive.org,319-858-9513
620,Pandora,Rebeiro,prebeiroh7@go.com,289-819-6834
621,Melly,Giacopazzi,mgiacopazzih8@cbslocal.com,297-983-6028
622,Edy,Petr,epetrh9@jugem.jp,275-944-1319
623,Bary,Perceval,bpercevalha@pcworld.com,789-187-8595
624,Chelsy,Snoxall,csnoxallhb@storify.com,274-611-5514
625,Anton,Guerry,aguerryhc@google.co.jp,430-606-0104
626,King,Horning,khorninghd@meetup.com,486-645-3692
627,Barth,Lenahan,blenahanhe@cbslocal.com,421-183-8768
628,Kalvin,Le feaver,klefeaverhf@tripadvisor.com,290-317-0870
629,Stesha,Swindells,sswindellshg@dyndns.org,181-976-1820
630,Rabbi,Tilbrook,rtilbrookhh@webnode.com,573-606-0144
631,Elihu,Colten,ecoltenhi@4shared.com,622-664-9901
632,Tades,Jaulme,tjaulmehj@accuweather.com,701-797-0644
633,Tucky,Hodjetts,thodjettshk@paypal.com,506-337-7514
634,Sonni,Fowgies,sfowgieshl@theguardian.com,358-401-3448
635,Mord,Escofier,mescofierhm@microsoft.com,181-166-9157
636,Mommy,Sheridan,msheridanhn@usatoday.com,508-167-9614
637,Olin,Bess,obessho@instagram.com,571-963-0299
638,Karolina,Lopes,klopeshp@dailymail.co.uk,310-442-2159
639,Irvine,Heaney,iheaneyhq@ameblo.jp,503-537-5543
640,Gussy,Feldbaum,gfeldbaumhr@elegantthemes.com,910-344-7879
641,Riobard,Steckings,rsteckingshs@opera.com,471-911-4330
642,Karel,Diemer,kdiemerht@unc.edu,697-744-0774
643,Johnna,Craigs,jcraigshu@sohu.com,830-371-9418
644,Dorice,Cliff,dcliffhv@dedecms.com,865-182-4070
645,Raf,Matveyev,rmatveyevhw@wufoo.com,146-217-8763
646,Alair,Writtle,awrittlehx@reference.com,867-242-8104
647,Gloria,Gobel,ggobelhy@hatena.ne.jp,218-185-1897
648,Lyell,Ayling,laylinghz@nih.gov,626-688-2843
649,Gerhard,Palle,gpallei0@google.pl,454-897-1632
650,Orrin,Kisbey,okisbeyi1@cdbaby.com,215-606-9671
651,Izabel,Bredes,ibredesi2@wikispaces.com,690-261-2942
652,Tate,De Marchi,tdemarchii3@mail.ru,412-670-4816
653,Araldo,Haug,ahaugi4@tamu.edu,956-103-5362
654,Nevil,Hothersall,nhothersalli5@canalblog.com,277-534-7976
655,Tamma,Semor,tsemori6@cbc.ca,388-779-1577
656,Anatole,Howels,ahowelsi7@blinklist.com,552-709-7744
657,Jake,Hollingdale,jhollingdalei8@deviantart.com,930-240-8447
658,Olga,MacKibbon,omackibboni9@mozilla.com,215-445-4039
659,Skipp,Godin,sgodinia@engadget.com,597-433-7209
660,Hanny,Dunmore,hdunmoreib@sogou.com,789-145-2134
661,Eolande,Drees,edreesic@bloglovin.com,722-327-0529
662,Morie,Whinray,mwhinrayid@tripod.com,210-201-4645
663,Brewster,Moyle,bmoyleie@google.com.au,992-566-0089
664,Elmore,Stanislaw,estanislawif@cnet.com,210-138-3140
665,Wileen,Forseith,wforseithig@wiley.com,455-607-5246
666,Ida,Wrate,iwrateih@techcrunch.com,887-945-1126
667,Birgitta,Ingleby,binglebyii@yahoo.com,910-117-3851
668,Barde,Rosenbloom,brosenbloomij@statcounter.com,624-275-1010
669,Izabel,Mussilli,imussilliik@washingtonpost.com,468-962-7901
670,Paolina,Benasik,pbenasikil@angelfire.com,381-412-8170
671,Rosa,Mattocks,rmattocksim@mac.com,904-498-1072
672,Karie,Hawney,khawneyin@scribd.com,846-699-3922
673,Belva,Quan,bquanio@state.gov,762-372-0661
674,Dyna,Paolinelli,dpaolinelliip@youku.com,294-848-1344
675,Rhodia,Hannen,rhanneniq@dagondesign.com,368-873-7838
676,Page,Ellson,pellsonir@hexun.com,786-322-1359
677,Emmalyn,Dunkerk,edunkerkis@tiny.cc,617-723-1728
678,Meredithe,Avrahm,mavrahmit@soup.io,328-384-8512
679,Myrah,Beecroft,mbeecroftiu@toplist.cz,189-678-6203
680,Wolf,Slobom,wslobomiv@fc2.com,333-536-8892
681,Sigvard,Chamney,schamneyiw@chicagotribune.com,709-179-5731
682,Myrwyn,Maykin,mmaykinix@mapy.cz,820-500-3303
683,Kipp,Wapplington,kwapplingtoniy@mediafire.com,785-718-5238
684,Constantia,Bliven,cbliveniz@tamu.edu,376-169-6055
685,Adora,Pether,apetherj0@purevolume.com,747-651-9027
686,Sidonnie,Grayston,sgraystonj1@eventbrite.com,988-812-1516
687,Marigold,Kelloch,mkellochj2@dell.com,556-987-4320
688,Batholomew,Hurran,bhurranj3@si.edu,333-920-1740
689,Kristan,Fernihough,kfernihoughj4@prweb.com,528-339-1520
690,Essy,Bech,ebechj5@netlog.com,485-408-5518
691,Humfrid,Misselbrook,hmisselbrookj6@lycos.com,140-287-1975
692,Maia,Georgescu,mgeorgescuj7@goo.gl,899-538-9985
693,Gaelan,Franies,gfraniesj8@livejournal.com,795-325-4308
694,Broddy,De Anesy,bdeanesyj9@psu.edu,307-663-7529
695,Marcella,Abramof,mabramofja@ow.ly,639-107-0306
696,Lutero,Regardsoe,lregardsoejb@usatoday.com,426-286-9298
697,Ray,Lakey,rlakeyjc@miibeian.gov.cn,539-551-1923
698,Dillie,Surpliss,dsurplissjd@wp.com,593-129-6103
699,Reinaldos,Betteson,rbettesonje@harvard.edu,966-877-1842
700,Dalston,Eede,deedejf@tmall.com,883-145-5375
701,Paquito,Howel,phoweljg@squarespace.com,320-649-2928
702,Noelani,Garford,ngarfordjh@columbia.edu,852-778-7149
703,Borden,Dymick,bdymickji@a8.net,656-927-1826
704,Brantley,Libreros,blibrerosjj@hud.gov,136-780-8664
705,Germayne,Slimme,gslimmejk@virginia.edu,946-163-4620
706,Sarita,Neising,sneisingjl@pagesperso-orange.fr,117-308-6710
707,Jeanelle,Coling,jcolingjm@fotki.com,766-685-7119
708,Leland,Dowdle,ldowdlejn@creativecommons.org,467-648-1731
709,Hyacinthia,Abramow,habramowjo@marketwatch.com,767-704-2340
710,Bran,Faucherand,bfaucherandjp@virginia.edu,560-852-1240
711,Vasilis,Oslar,voslarjq@wikipedia.org,733-468-8243
712,Rycca,Tabary,rtabaryjr@ustream.tv,358-424-9940
713,Mallorie,Lutty,mluttyjs@springer.com,680-910-6763
714,Talya,Swaile,tswailejt@unc.edu,877-759-4115
715,Oliver,Leele,oleeleju@usatoday.com,505-995-9311
716,Evita,Swancott,eswancottjv@youtu.be,285-764-8273
717,Bess,Bannester,bbannesterjw@auda.org.au,478-480-1254
718,Aline,Tarborn,atarbornjx@nih.gov,693-871-2568
719,Arlen,Killingworth,akillingworthjy@storify.com,450-535-1022
720,Lauralee,MacAndie,lmacandiejz@toplist.cz,520-440-3123
721,Roxi,Hedman,rhedmank0@bigcartel.com,683-354-1145
722,Adam,Vedeniktov,avedeniktovk1@ifeng.com,986-127-9803
723,Ricki,Sander,rsanderk2@indiatimes.com,672-730-0123
724,Gene,Cloute,gcloutek3@ox.ac.uk,245-127-5976
725,Koren,Cabble,kcabblek4@aboutads.info,547-535-0128
726,Myrtie,Rosenau,mrosenauk5@zimbio.com,261-907-2344
727,Drusy,Thoms,dthomsk6@t.co,293-242-6578
728,Lynne,Lead,lleadk7@google.de,700-890-2860
729,Nanni,Keepin,nkeepink8@purevolume.com,427-521-1379
730,Uri,Inglese,uinglesek9@hc360.com,496-818-1431
731,Kaitlyn,Haggish,khaggishka@usda.gov,718-766-6219
732,Janetta,Ticksall,jticksallkb@reddit.com,443-333-2369
733,Jessa,Cejka,jcejkakc@washington.edu,395-383-3806
734,Ynez,Kobke,ykobkekd@sohu.com,125-217-9633
735,Dun,Sharram,dsharramke@cbc.ca,667-639-8369
736,Helaina,Yeoland,hyeolandkf@freewebs.com,602-550-2833
737,Isabel,MacIlhargy,imacilhargykg@theatlantic.com,102-294-4896
738,Rice,Londing,rlondingkh@canalblog.com,888-152-8135
739,Marianna,Lathwood,mlathwoodki@globo.com,669-654-3053
740,Trumann,McPhillips,tmcphillipskj@dropbox.com,259-366-7206
741,Holly,Tarbert,htarbertkk@mail.ru,356-808-9255
742,Sheff,Grivori,sgrivorikl@eepurl.com,234-546-7064
743,Kinsley,Di Biagi,kdibiagikm@house.gov,140-199-1030
744,Poppy,Mathwen,pmathwenkn@bing.com,835-317-3800
745,See,Haggith,shaggithko@taobao.com,321-289-9686
746,Collete,Bolsteridge,cbolsteridgekp@businessweek.com,965-884-4561
747,Ethelin,Zoppie,ezoppiekq@engadget.com,481-434-0731
748,Norman,Gulland,ngullandkr@gravatar.com,662-727-6188
749,Alfreda,Normington,anormingtonks@dailymotion.com,532-793-0707
750,Jenica,Bravington,jbravingtonkt@dyndns.org,647-854-6977
751,Garnet,Saulter,gsaulterku@e-recht24.de,987-857-3469
752,Roxana,Towler,rtowlerkv@independent.co.uk,295-194-2577
753,Corinne,Luppitt,cluppittkw@symantec.com,498-907-3169
754,Erl,Bather,ebatherkx@meetup.com,770-917-5043
755,Saleem,Giacaponi,sgiacaponiky@list-manage.com,794-281-7523
756,Patrice,Raithby,praithbykz@amazon.com,103-392-5245
757,Matthias,Ryson,mrysonl0@yolasite.com,486-155-7304
758,Ainslie,Berrigan,aberriganl1@unicef.org,699-901-2155
759,Sherman,Halversen,shalversenl2@hugedomains.com,962-202-4522
760,Beltran,Quested,bquestedl3@comsenz.com,384-517-7387
761,Den,Hinder,dhinderl4@icq.com,580-974-7956
762,Tricia,Syred,tsyredl5@meetup.com,443-901-2982
763,Jodie,Hedon,jhedonl6@marriott.com,399-465-2542
764,Kathryne,Mardell,kmardelll7@smugmug.com,523-472-6388
765,Hew,Dunabie,hdunabiel8@marriott.com,409-996-9041
766,Tommie,Saintsbury,tsaintsburyl9@jigsy.com,341-514-4696
767,Elmo,Murden,emurdenla@google.co.uk,566-667-8662
768,Andrei,Bancroft,abancroftlb@shop-pro.jp,784-831-4962
769,Freddie,Dwyer,fdwyerlc@miitbeian.gov.cn,876-272-9539
770,Marmaduke,Willimont,mwillimontld@house.gov,216-311-5184
771,Booth,Cissen,bcissenle@ycombinator.com,545-688-4556
772,Genevra,Hounson,ghounsonlf@wikia.com,991-345-0889
773,Georgianne,Diament,gdiamentlg@yahoo.com,536-494-8458
774,Rolph,Downs,rdownslh@icq.com,990-362-2977
775,Ragnar,Aiton,raitonli@squarespace.com,795-704-8574
776,Delmar,Romain,dromainlj@webs.com,842-159-1658
777,Beverley,Denniston,bdennistonlk@ftc.gov,259-888-6007
778,Rea,Lever,rleverll@woothemes.com,232-341-7916
779,Roxie,Battye,rbattyelm@ow.ly,898-420-2972
780,Roselia,Lambot,rlambotln@nasa.gov,897-448-2644
781,Alena,Cluer,acluerlo@furl.net,960-524-1817
782,Stinky,Thamelt,sthameltlp@comcast.net,419-837-8964
783,Jillene,Hearle,jhearlelq@ft.com,549-821-4837
784,Gerry,Tichner,gtichnerlr@canalblog.com,984-498-9305
785,Christophe,Oldrey,coldreyls@dion.ne.jp,239-730-6589
786,Aida,O'Currane,aocurranelt@usda.gov,385-291-7095
787,Maura,Chatto,mchattolu@ustream.tv,725-816-5194
788,Fredek,Prantoni,fprantonilv@wix.com,696-742-9861
789,Salomi,Fenny,sfennylw@flavors.me,117-239-6721
790,Kass,Geldeford,kgeldefordlx@slashdot.org,887-897-9382
791,Andeee,Donald,adonaldly@google.ru,335-396-6392
792,Rudolph,Halling,rhallinglz@dyndns.org,144-619-7510
793,Ermengarde,Lockless,elocklessm0@princeton.edu,491-703-4638
794,Walt,Novik,wnovikm1@shutterfly.com,572-716-8513
795,Sherilyn,Ruscoe,sruscoem2@businessinsider.com,308-746-0528
796,Arda,Crew,acrewm3@quantcast.com,919-331-2759
797,Rhoda,Ansell,ransellm4@infoseek.co.jp,519-741-2450
798,Quintilla,Abramovitch,qabramovitchm5@bloglines.com,673-479-9639
799,Avery,Blenkiron,ablenkironm6@arstechnica.com,812-340-4078
800,Calypso,Wincott,cwincottm7@wikispaces.com,811-292-4328
801,Shell,Bilbrey,sbilbreym8@sogou.com,887-608-3876
802,Emlen,Wickenden,ewickendenm9@tiny.cc,194-847-3526
803,Jo-ann,Drinkel,jdrinkelma@wix.com,920-221-3019
804,Judon,Epsly,jepslymb@altervista.org,560-486-2902
805,Myrna,De Launde,mdelaundemc@vk.com,832-200-3954
806,Yorke,Kalkofen,ykalkofenmd@nationalgeographic.com,958-871-5325
807,Nickie,Bastin,nbastinme@blinklist.com,511-763-7108
808,Jany,Jollie,jjolliemf@issuu.com,177-984-5125
809,Gilburt,Bramich,gbramichmg@addthis.com,357-143-4439
810,Selma,Readhead,sreadheadmh@nyu.edu,341-216-0693
811,Denys,Franzman,dfranzmanmi@amazon.de,604-716-1012
812,Christan,Adnett,cadnettmj@uiuc.edu,489-374-1598
813,Emogene,Schaben,eschabenmk@artisteer.com,949-477-5757
814,Doretta,Hein,dheinml@printfriendly.com,990-667-0386
815,Cam,Naylor,cnaylormm@spiegel.de,715-138-2203
816,Cosette,Deshorts,cdeshortsmn@paginegialle.it,395-404-3787
817,Phylys,Roskeilly,proskeillymo@chicagotribune.com,648-864-6538
818,Chadd,Druett,cdruettmp@cbslocal.com,484-142-9683
819,Francklin,Eberst,feberstmq@ameblo.jp,203-745-2051
820,Ranee,MacNalley,rmacnalleymr@omniture.com,157-124-2570
821,Debbie,Weblin,dweblinms@admin.ch,810-447-4150
822,Sari,Hallowes,shallowesmt@devhub.com,775-772-9260
823,Hebert,Cotty,hcottymu@twitpic.com,567-989-5340
824,Monti,Drummer,mdrummermv@cam.ac.uk,334-762-1596
825,Clarice,Cudbertson,ccudbertsonmw@lulu.com,294-310-3515
826,Tulley,Grassot,tgrassotmx@wunderground.com,487-119-7641
827,Augustine,Cullotey,aculloteymy@census.gov,203-406-9704
828,Bianca,Creasey,bcreaseymz@usgs.gov,513-315-5360
829,Porter,Bapty,pbaptyn0@odnoklassniki.ru,402-297-5215
830,Kippie,O'Calleran,kocallerann1@last.fm,455-901-4509
831,Kathe,Northen,knorthenn2@dagondesign.com,900-916-4694
832,Kristien,Douberday,kdouberdayn3@t-online.de,654-977-1942
833,Julio,Blasoni,jblasonin4@fc2.com,190-650-8773
834,Lynett,Gentiry,lgentiryn5@shareasale.com,474-235-7380
835,Bea,Whitechurch,bwhitechurchn6@nasa.gov,838-205-3233
836,Margit,Shaplin,mshaplinn7@baidu.com,564-802-3094
837,Shena,Ruprechter,sruprechtern8@toplist.cz,629-880-3566
838,Bel,McIlvaney,bmcilvaneyn9@pen.io,236-948-0041
839,Melisandra,Belison,mbelisonna@go.com,762-264-6638
840,Letta,Exeter,lexeternb@redcross.org,776-388-7969
841,Adriaens,Selcraig,aselcraignc@psu.edu,652-676-1053
842,Lurlene,Skpsey,lskpseynd@behance.net,766-823-6655
843,Cordy,Haddinton,chaddintonne@forbes.com,409-600-8756
844,Darrelle,Farreil,dfarreilnf@walmart.com,959-906-9225
845,Ivonne,Kermon,ikermonng@ustream.tv,328-213-9784
846,Morna,Kynd,mkyndnh@hatena.ne.jp,533-434-4599
847,Kimbell,Farahar,kfaraharni@163.com,912-264-9905
848,Marissa,More,mmorenj@technorati.com,471-525-4360
849,Tammy,Solomon,tsolomonnk@thetimes.co.uk,136-685-4267
850,Marcela,Moorfield,mmoorfieldnl@eventbrite.com,869-410-0805
851,Filbert,Meatyard,fmeatyardnm@prnewswire.com,191-158-1304
852,Carroll,Dedman,cdedmannn@mozilla.com,437-235-8447
853,Lothaire,Rowston,lrowstonno@cdc.gov,892-500-1274
854,Aprilette,Landre,alandrenp@uiuc.edu,319-268-5972
855,Hamel,Brosio,hbrosionq@de.vu,133-325-4741
856,Phyllida,Marriner,pmarrinernr@epa.gov,103-219-9691
857,Kermie,Cuckoo,kcuckoons@addtoany.com,982-312-1037
858,Vite,Pettigrew,vpettigrewnt@ftc.gov,226-836-9082
859,Blinny,Eberle,beberlenu@tinyurl.com,264-686-2730
860,Taryn,Bransgrove,tbransgrovenv@altervista.org,307-525-8502
861,Sapphira,Foker,sfokernw@bloomberg.com,523-749-8738
862,Neala,Lawrinson,nlawrinsonnx@google.com.hk,140-761-4245
863,Chucho,Scryne,cscryneny@tripod.com,121-395-9783
864,Clementina,Wayon,cwayonnz@qq.com,748-125-5526
865,Tammie,Morkham,tmorkhamo0@unicef.org,756-482-0503
866,Skelly,Croisier,scroisiero1@state.gov,537-249-2132
867,Linell,Horrell,lhorrello2@youtu.be,439-452-9880
868,Syd,Smurfit,ssmurfito3@hatena.ne.jp,379-395-3130
869,Eba,Fleis,efleiso4@seattletimes.com,849-374-0655
870,Percy,Duferie,pduferieo5@360.cn,987-901-9412
871,Ricki,Borgars,rborgarso6@hao123.com,284-556-6568
872,Gaye,Beardall,gbeardallo7@miibeian.gov.cn,255-262-2366
873,Molly,Lesurf,mlesurfo8@ebay.com,451-198-1949
874,Vivienne,Dorbin,vdorbino9@shop-pro.jp,148-306-5948
875,Odille,Castanos,ocastanosoa@ucoz.com,123-437-8038
876,Correy,Leuchars,cleucharsob@ca.gov,925-591-3176
877,Miranda,Garmans,mgarmansoc@seesaa.net,208-577-3995
878,Elana,Espinola,eespinolaod@amazon.co.jp,219-858-9420
879,Veda,Priestland,vpriestlandoe@berkeley.edu,312-722-1608
880,Chilton,Orpwood,corpwoodof@newyorker.com,809-783-0631
881,Robinet,Polycote,rpolycoteog@hexun.com,829-573-2190
882,Quintus,Noquet,qnoquetoh@sitemeter.com,997-862-2616
883,Bibbie,Gimert,bgimertoi@nydailynews.com,754-627-3880
884,Brody,Curnnok,bcurnnokoj@nps.gov,100-344-3755
885,Ari,Kempstone,akempstoneok@smh.com.au,861-837-9834
886,Franciska,Ragsdall,fragsdallol@army.mil,126-320-0381
887,Alla,Cleiment,acleimentom@google.cn,628-719-8064
888,Mannie,Stelli,mstellion@usa.gov,670-768-0592
889,Josias,Reisenstein,jreisensteinoo@unesco.org,429-737-0646
890,Austine,Ferneley,aferneleyop@simplemachines.org,495-705-8499
891,Tripp,Featherston,tfeatherstonoq@amazon.com,599-156-6531
892,Clementia,Hissett,chissettor@seattletimes.com,402-609-1655
893,Inessa,Sacher,isacheros@mozilla.org,160-513-7525
894,Bertha,Sibbet,bsibbetot@clickbank.net,615-642-3490
895,Rosina,O'Hollegan,roholleganou@prweb.com,150-328-5332
896,Vincents,Farfolomeev,vfarfolomeevov@pagesperso-orange.fr,476-837-3529
897,Jere,McCheyne,jmccheyneow@ezinearticles.com,654-830-3374
898,Jerrine,Gorringe,jgorringeox@hhs.gov,958-367-5752
899,Kath,Le Fleming,kleflemingoy@miitbeian.gov.cn,573-877-8368
900,Koenraad,Bullingham,kbullinghamoz@theglobeandmail.com,423-596-0917
901,Tracie,Fernant,tfernantp0@blogger.com,856-902-4889
902,Alison,Beeck,abeeckp1@pcworld.com,384-805-8462
903,Xymenes,Isted,xistedp2@wikispaces.com,561-180-1670
904,Lorelei,Jeandon,ljeandonp3@narod.ru,793-689-4970
905,Ermina,Pashler,epashlerp4@gizmodo.com,946-912-0831
906,Benedetta,Vina,bvinap5@shinystat.com,463-559-0688
907,Hetti,Mattielli,hmattiellip6@nasa.gov,778-673-3648
908,Jenine,Wickrath,jwickrathp7@pbs.org,970-546-8285
909,Kiersten,Le Barr,klebarrp8@joomla.org,192-488-8906
910,Flor,Tremellier,ftremellierp9@sun.com,917-389-7313
911,Jeanna,Bardnam,jbardnampa@nsw.gov.au,943-542-5500
912,Wit,Spurriar,wspurriarpb@bing.com,590-847-4354
913,Joseph,McDowall,jmcdowallpc@acquirethisname.com,503-393-4819
914,Caron,Tucknutt,ctucknuttpd@pen.io,822-643-0147
915,Moll,Milvarnie,mmilvarniepe@soundcloud.com,181-695-4027
916,Ransell,Galego,rgalegopf@nih.gov,476-432-2682
917,Herbie,Botwright,hbotwrightpg@xinhuanet.com,253-537-6499
918,Karol,Tolumello,ktolumelloph@networksolutions.com,586-422-2386
919,Deeyn,Marriage,dmarriagepi@forbes.com,607-685-5992
920,Gaylord,Piercey,gpierceypj@blogs.com,315-605-8731
921,Emmott,Barthel,ebarthelpk@biglobe.ne.jp,199-416-2252
922,Pennie,Jencey,pjenceypl@joomla.org,989-771-8523
923,Audry,Sprowell,asprowellpm@nytimes.com,654-607-6182
924,Benedetta,Kullmann,bkullmannpn@mozilla.org,882-711-9888
925,Pearl,Backman,pbackmanpo@acquirethisname.com,332-349-8669
926,Teddy,Gerrard,tgerrardpp@mashable.com,627-128-4705
927,Hildagard,Maude,hmaudepq@wp.com,324-530-3977
928,Lani,Rigler,lriglerpr@simplemachines.org,202-375-8173
929,Rahel,McClune,rmccluneps@rediff.com,378-773-5575
930,Seward,Jessopp,sjessopppt@oakley.com,629-858-3880
931,Ilario,Brazel,ibrazelpu@github.io,229-624-1390
932,Trenna,De Lasci,tdelascipv@yellowbook.com,586-697-9368
933,Daisie,Chesher,dchesherpw@vimeo.com,727-309-4532
934,Normie,Crayton,ncraytonpx@cbc.ca,560-153-7016
935,Cati,Seaman,cseamanpy@clickbank.net,752-317-5223
936,Parsifal,Edlington,pedlingtonpz@amazon.co.uk,784-820-8291
937,Leonidas,Rylands,lrylandsq0@stanford.edu,867-140-9542
938,Hamlin,Emanson,hemansonq1@ezinearticles.com,690-913-0943
939,Stephine,Rippen,srippenq2@sun.com,744-790-6887
940,Dionne,Tabbernor,dtabbernorq3@marriott.com,728-157-3048
941,Tobie,Terlinden,tterlindenq4@instagram.com,872-286-9157
942,Benedick,Ketteringham,bketteringhamq5@un.org,433-921-2215
943,Joyous,Meineken,jmeinekenq6@creativecommons.org,405-420-3991
944,Massimo,Ojeda,mojedaq7@bloglines.com,783-542-4017
945,Sax,Folkerd,sfolkerdq8@statcounter.com,286-850-6346
946,Verile,Hardi,vhardiq9@redcross.org,757-708-6376
947,Courtenay,Overton,covertonqa@bloomberg.com,299-503-6193
948,Caz,Gosden,cgosdenqb@goodreads.com,218-266-4919
949,Queenie,Gopsill,qgopsillqc@behance.net,854-370-3232
950,Julius,Bathoe,jbathoeqd@dell.com,945-561-0057
951,Genny,Dimitriades,gdimitriadesqe@taobao.com,721-103-5559
952,Berny,Cannop,bcannopqf@nba.com,412-699-9721
953,Baillie,Brakewell,bbrakewellqg@cbslocal.com,175-957-2268
954,Ginelle,Haydn,ghaydnqh@bizjournals.com,995-715-4675
955,Thomasina,Beeston,tbeestonqi@yandex.ru,241-904-7843
956,Thelma,Scullion,tscullionqj@google.pl,904-508-8323
957,Fulvia,Flemyng,fflemyngqk@lycos.com,733-644-8894
958,Wenona,Coupar,wcouparql@acquirethisname.com,602-497-2579
959,Sybyl,Petran,spetranqm@simplemachines.org,204-476-5277
960,Damon,Furbank,dfurbankqn@usgs.gov,638-228-3757
961,Talbot,Hedges,thedgesqo@twitpic.com,282-560-7587
962,Rivy,Latliff,rlatliffqp@zdnet.com,557-959-3991
963,Egon,Dowtry,edowtryqq@google.it,164-809-4843
964,Maire,Valenti,mvalentiqr@timesonline.co.uk,929-735-7926
965,Radcliffe,Fermoy,rfermoyqs@oaic.gov.au,427-755-2607
966,Kinsley,Rapier,krapierqt@parallels.com,999-323-6996
967,Tedra,Portman,tportmanqu@nature.com,319-727-7946
968,Ardenia,Tytcomb,atytcombqv@tinypic.com,936-141-0728
969,Clarette,Harland,charlandqw@soup.io,453-846-5381
970,Zorine,Norcliffe,znorcliffeqx@diigo.com,720-297-4750
971,Cullie,Symcoxe,csymcoxeqy@ibm.com,653-168-9938
972,Celisse,Shilton,cshiltonqz@networksolutions.com,380-770-7770
973,Giulia,Readitt,greadittr0@skyrock.com,454-753-8381
974,Janeta,Timoney,jtimoneyr1@hhs.gov,246-327-5659
975,Jsandye,Benning,jbenningr2@constantcontact.com,483-986-7877
976,Ly,Brewin,lbrewinr3@ovh.net,119-463-3702
977,Brian,Squeers,bsqueersr4@census.gov,963-639-7425
978,Kennie,Massow,kmassowr5@ox.ac.uk,601-241-5364
979,Rabi,Ilive,riliver6@ox.ac.uk,345-976-9203
980,Mar,Olliver,molliverr7@ftc.gov,635-158-4095
981,Munmro,Khalid,mkhalidr8@addthis.com,705-130-4701
982,Antonella,Pepall,apepallr9@ovh.net,558-754-7519
983,Obadias,Skep,oskepra@newsvine.com,684-293-0606
984,Crystie,Sweetlove,csweetloverb@dion.ne.jp,852-706-7793
985,Ranice,Hutchinges,rhutchingesrc@bravesites.com,502-498-7049
986,Elijah,Rickerby,erickerbyrd@cam.ac.uk,551-624-4881
987,Shae,McGerraghty,smcgerraghtyre@sourceforge.net,739-857-9680
988,Germayne,Beach,gbeachrf@google.co.uk,361-928-8351
989,Gwenni,Olivier,golivierrg@topsy.com,447-339-4103
990,Hurley,Nockolds,hnockoldsrh@t.co,271-802-8590
991,Dniren,Boggers,dboggersri@goo.gl,692-811-9058
992,Alikee,Dominichelli,adominichellirj@springer.com,732-215-0765
993,Thaine,Dobrovolny,tdobrovolnyrk@myspace.com,766-687-4926
994,Luci,Satyford,lsatyfordrl@mysql.com,928-380-0378
995,Randal,Niaves,rniavesrm@yahoo.com,562-881-9015
996,Perri,Matchett,pmatchettrn@gizmodo.com,829-232-0731
997,Anjanette,Kill,akillro@howstuffworks.com,113-143-1069
998,Gunner,Dyzart,gdyzartrp@oaic.gov.au,171-164-1434
999,Janaye,Jenman,jjenmanrq@vk.com,294-319-7835
1000,Nefen,Santorini,nsantorinirr@clickbank.net,687-758-0461
